crps_hosp	crps_ww	bias_hosp	bias_ww	ae_hosp	ae_ww	location	wweval_commit_hash	wwinference_version
1.0465392954054191	1.0437418123363529	-0.052574561403508774	-0.05236184210526316	1.430541441794062	1.4249102564297214	AK	d531f8f	Github (CDCgov/ww-inference-model@951a9e496e9b5eda8f0e6d63cc6185a3b19f8a71)
11.624616908337584	11.001390757513024	0.23765679824561403	0.30562280701754385	15.2169931884645	14.921735155883097	MA	d531f8f	Github (CDCgov/ww-inference-model@951a9e496e9b5eda8f0e6d63cc6185a3b19f8a71)
1.9743211076933298	1.7647838214371094	0.10642543859649123	0.11702741228070176	2.6690277913463327	2.360288987441267	NH	d531f8f	Github (CDCgov/ww-inference-model@951a9e496e9b5eda8f0e6d63cc6185a3b19f8a71)
17.371192144075163	17.18502224109214	0.16711842105263158	0.24489583333333334	22.505788770781994	22.54254318981423	NJ	d531f8f	Github (CDCgov/ww-inference-model@951a9e496e9b5eda8f0e6d63cc6185a3b19f8a71)
3.5381177843863316	4.552876071939314	0.0430734649122807	0.31171600877192984	4.9099199893294525	6.397181233712242	WA	d531f8f	Github (CDCgov/ww-inference-model@951a9e496e9b5eda8f0e6d63cc6185a3b19f8a71)
7.110957447979565	7.109562940863587	0.10033991228070176	0.18538004385964912	9.346454236343268	9.529331764656112	all	d531f8f	Github (CDCgov/ww-inference-model@951a9e496e9b5eda8f0e6d63cc6185a3b19f8a71)
