"timepoint","probability_mass"
1,0.16174201341157
2,0.320625889390807
3,0.242283351248733
4,0.134652559431048
5,0.0689218448080527
6,0.0345873307236478
7,0.0175305676468834
8,0.00900188393721926
9,0.0048814763363626
10,0.00258678762113042
11,0.00144458017530763
12,0.000825330494803486
13,0.000478236415587845
14,0.000270544021118098
15,0.000167604337729198
